{
  "cash": 9956.981712023786,
  "position_qty": 0.0,
  "entry_price": 0.0,
  "last_processed_timestamp": 1774389600000,
  "equity_peak": 10046.469985697982,
  "kill_switch_active": false
}