variant_name,regime_filter_enabled,regime_window,min_regime_volatility_pct,runs,avg_return,std_return,scenario_win_rate,worst_return,avg_drawdown,avg_profit_factor
base,False,50,0.200000,4,0.631252,0.285325,100.000000,0.345927,1.131525,2.109094
regime_w50_min0.2,True,50,0.200000,4,0.631252,0.285325,100.000000,0.345927,1.131525,2.109094
regime_w50_min0.3,True,50,0.300000,4,0.631252,0.285325,100.000000,0.345927,1.131525,2.109094
regime_w50_min0.5,True,50,0.500000,4,0.631252,0.285325,100.000000,0.345927,1.131525,2.109094
regime_w50_min0.7,True,50,0.700000,4,0.000000,0.000000,0.000000,0.000000,0.000000,0.000000
